{
    "klapp": {
        "averageRisk": 0.47777499999999995,
        "obstacleRisk": 1.9110999999999998,
        "relativeOccurence": 4.0
    }
}