{
    "Workstation2": {
        "MarkerPosed": {
            "posedstamped": {
                "header": {
                    "frame_id": "map",
                    "seq": 0,
                    "stamp": "0"
                },
                "pose": {
                    "orientation": {
                        "w": 0.9242656207964585,
                        "x": -0.08874227229187535,
                        "y": 0.03548598750066803,
                        "z": -0.3695924999419147
                    },
                    "position": {
                        "x": -0.9700155011529839,
                        "y": -0.5037881738171,
                        "z": 0.22999999999999998
                    }
                }
            }
        },
        "NavPosed": {
            "posedstamped": {
                "header": {
                    "frame_id": "map",
                    "seq": 0,
                    "stamp": "0"
                },
                "pose": {
                    "orientation": {
                        "w": 0.9227878571728825,
                        "x": -0.08860038656236674,
                        "y": 0.035838773715378386,
                        "z": -0.37326682742223033
                    },
                    "position": {
                        "x": -1.3968990833796364,
                        "y": -0.14670812985357584,
                        "z": 0.22999999999999998
                    }
                }
            }
        }
    },
    "Workstation3": {
        "MarkerPosed": {
            "posedstamped": {
                "header": {
                    "frame_id": "map",
                    "seq": 0,
                    "stamp": "0"
                },
                "pose": {
                    "orientation": {
                        "w": 0.9677348670544935,
                        "x": -0.06279261950977812,
                        "y": -0.01580037287504916,
                        "z": 0.24350905987073956
                    },
                    "position": {
                        "x": -0.6011713622060335,
                        "y": 3.2236583370017984,
                        "z": 0.23000000000000007
                    }
                }
            }
        },
        "NavPosed": {
            "posedstamped": {
                "header": {
                    "frame_id": "map",
                    "seq": 0,
                    "stamp": "0"
                },
                "pose": {
                    "orientation": {
                        "w": 0.9763726921071343,
                        "x": -0.06335309498750206,
                        "y": -0.013377227044305372,
                        "z": 0.20616450048341647
                    },
                    "position": {
                        "x": -1.0558478160292886,
                        "y": 2.86853571362695,
                        "z": 0.23000000000000004
                    }
                }
            }
        }
    },
    "Workstation4": {
        "MarkerPosed": {
            "posedstamped": {
                "header": {
                    "frame_id": "map",
                    "seq": 0,
                    "stamp": "0"
                },
                "pose": {
                    "orientation": {
                        "w": 0.8647122168849875,
                        "x": -0.039077313921136024,
                        "y": -0.02260616438626527,
                        "z": 0.500234651776844
                    },
                    "position": {
                        "x": -1.7462301959092716,
                        "y": 3.699084882940106,
                        "z": 0.22999999999999993
                    }
                }
            }
        },
        "NavPosed": {
            "posedstamped": {
                "header": {
                    "frame_id": "map",
                    "seq": 0,
                    "stamp": "0"
                },
                "pose": {
                    "orientation": {
                        "w": 0.8645069900058585,
                        "x": -0.039068039488528064,
                        "y": -0.022622188710924314,
                        "z": 0.5005892418934516
                    },
                    "position": {
                        "x": -2.0440237957257583,
                        "y": 3.200567298163668,
                        "z": 0.23
                    }
                }
            }
        }
    },
    "Workstation5": {
        "MarkerPosed": {
            "posedstamped": {
                "header": {
                    "frame_id": "map",
                    "seq": 0,
                    "stamp": "0"
                },
                "pose": {
                    "orientation": {
                        "w": 0.9786207016042502,
                        "x": -0.04374361624788281,
                        "y": 0.00897414587844756,
                        "z": -0.20076723620878745
                    },
                    "position": {
                        "x": -0.24837725296732405,
                        "y": 0.70439534138566,
                        "z": 0.2299999999999999
                    }
                }
            }
        },
        "NavPosed": {
            "posedstamped": {
                "header": {
                    "frame_id": "map",
                    "seq": 0,
                    "stamp": "0"
                },
                "pose": {
                    "orientation": {
                        "w": 0.9774556673559958,
                        "x": -0.043691540084985644,
                        "y": 0.00922434722307154,
                        "z": -0.2063646750220474
                    },
                    "position": {
                        "x": -0.774934460750992,
                        "y": 0.8938142301059082,
                        "z": 0.23000000000000004
                    }
                }
            }
        }
    }
}