{
    "Workstation2": {
        "MarkerPosed": {
            "posedstamped": {
                "header": {
                    "frame_id": "map",
                    "seq": 0,
                    "stamp": "0"
                },
                "pose": {
                    "orientation": {
                        "w": 0.8882094967926952,
                        "x": 0.009592346877835858,
                        "y": -0.004960403503205795,
                        "z": -0.4593117362812841
                    },
                    "position": {
                        "x": -1.0355989594645911,
                        "y": -0.5058570463999965,
                        "z": 0.22999999999999995
                    }
                }
            }
        },
        "NavPosed": {
            "posedstamped": {
                "header": {
                    "frame_id": "map",
                    "seq": 0,
                    "stamp": "0"
                },
                "pose": {
                    "orientation": {
                        "w": 0.8883154106074537,
                        "x": 0.00959349070939135,
                        "y": -0.004958190955193792,
                        "z": -0.4591068639824191
                    },
                    "position": {
                        "x": -1.3394919760704198,
                        "y": -0.056578596152331295,
                        "z": 0.23000000000000007
                    }
                }
            }
        }
    },
    "Workstation3": {
        "MarkerPosed": {
            "posedstamped": {
                "header": {
                    "frame_id": "map",
                    "seq": 0,
                    "stamp": "0"
                },
                "pose": {
                    "orientation": {
                        "w": 0.8508223633559884,
                        "x": -0.020886516679849015,
                        "y": -0.012885081233589203,
                        "z": 0.5248800187813562
                    },
                    "position": {
                        "x": -0.6405726300516498,
                        "y": 3.223424272761238,
                        "z": 0.2300000000000001
                    }
                }
            }
        },
        "NavPosed": {
            "posedstamped": {
                "header": {
                    "frame_id": "map",
                    "seq": 0,
                    "stamp": "0"
                },
                "pose": {
                    "orientation": {
                        "w": 0.8544344354418881,
                        "x": -0.020975188072515968,
                        "y": -0.012740226949956098,
                        "z": 0.5189793094466176
                    },
                    "position": {
                        "x": -0.8378576155370209,
                        "y": 2.7731655229718086,
                        "z": 0.22999999999999998
                    }
                }
            }
        }
    },
    "Workstation4": {
        "MarkerPosed": {
            "posedstamped": {
                "header": {
                    "frame_id": "map",
                    "seq": 0,
                    "stamp": "0"
                },
                "pose": {
                    "orientation": {
                        "w": 0.8448245977234248,
                        "x": 0.009953315793854143,
                        "y": 0.0063020945492381535,
                        "z": 0.5349136511535797
                    },
                    "position": {
                        "x": -1.8603501122394177,
                        "y": 3.7987255151379444,
                        "z": 0.23
                    }
                }
            }
        },
        "NavPosed": {
            "posedstamped": {
                "header": {
                    "frame_id": "map",
                    "seq": 0,
                    "stamp": "0"
                },
                "pose": {
                    "orientation": {
                        "w": 0.8456109492552737,
                        "x": 0.009962580208198332,
                        "y": 0.006287438794528216,
                        "z": 0.5336696896101512
                    },
                    "position": {
                        "x": -2.0857874397827114,
                        "y": 3.3292162198717703,
                        "z": 0.23000000000000007
                    }
                }
            }
        }
    },
    "Workstation5": {
        "MarkerPosed": {
            "posedstamped": {
                "header": {
                    "frame_id": "map",
                    "seq": 0,
                    "stamp": "0"
                },
                "pose": {
                    "orientation": {
                        "w": 0.960707386325617,
                        "x": 0.08938638327189,
                        "y": -0.024344156539817634,
                        "z": -0.2616462390085845
                    },
                    "position": {
                        "x": -0.27134988097351287,
                        "y": 0.6998765462881125,
                        "z": 0.2300000000000001
                    }
                }
            }
        },
        "NavPosed": {
            "posedstamped": {
                "header": {
                    "frame_id": "map",
                    "seq": 0,
                    "stamp": "0"
                },
                "pose": {
                    "orientation": {
                        "w": 0.9610417333353755,
                        "x": 0.0894174916722057,
                        "y": -0.02422964413926431,
                        "z": -0.26041548209673115
                    },
                    "position": {
                        "x": -0.7058963768736362,
                        "y": 0.9910063560997748,
                        "z": 0.23
                    }
                }
            }
        }
    }
}