{
    "Workstation2": {
        "MarkerPosed": {
            "posedstamped": {
                "header": {
                    "frame_id": "map",
                    "seq": 0,
                    "stamp": "0"
                },
                "pose": {
                    "orientation": {
                        "w": 0.8712299768913025,
                        "x": -0.0299482685069734,
                        "y": 0.01683230792037698,
                        "z": -0.4896714224758152
                    },
                    "position": {
                        "x": -1.0125177762826287,
                        "y": -0.5452857730814749,
                        "z": 0.23000000000000004
                    }
                }
            }
        },
        "NavPosed": {
            "posedstamped": {
                "header": {
                    "frame_id": "map",
                    "seq": 0,
                    "stamp": "0"
                },
                "pose": {
                    "orientation": {
                        "w": 0.8724032004234508,
                        "x": -0.029988597713143335,
                        "y": 0.016760351538419926,
                        "z": -0.48757812760051955
                    },
                    "position": {
                        "x": -1.391524258267892,
                        "y": 0.0858828558812672,
                        "z": 0.22999999999999998
                    }
                }
            }
        }
    },
    "Workstation3": {
        "MarkerPosed": {
            "posedstamped": {
                "header": {
                    "frame_id": "map",
                    "seq": 0,
                    "stamp": "0"
                },
                "pose": {
                    "orientation": {
                        "w": 0.8591289516603675,
                        "x": 0.02404453937271375,
                        "y": 0.01430124457161598,
                        "z": 0.5109939128297074
                    },
                    "position": {
                        "x": -0.6900679747008464,
                        "y": 3.274389794494864,
                        "z": 0.23000000000000004
                    }
                }
            }
        },
        "NavPosed": {
            "posedstamped": {
                "header": {
                    "frame_id": "map",
                    "seq": 0,
                    "stamp": "0"
                },
                "pose": {
                    "orientation": {
                        "w": 0.8576355154802427,
                        "x": 0.024002742405024275,
                        "y": 0.014371284806210166,
                        "z": 0.5134965015625669
                    },
                    "position": {
                        "x": -1.0549725878204324,
                        "y": 2.6388340945898188,
                        "z": 0.23000000000000004
                    }
                }
            }
        }
    },
    "Workstation4": {
        "MarkerPosed": {
            "posedstamped": {
                "header": {
                    "frame_id": "map",
                    "seq": 0,
                    "stamp": "0"
                },
                "pose": {
                    "orientation": {
                        "w": 0.8291170397219144,
                        "x": -0.03624533936757519,
                        "y": -0.02436560896139661,
                        "z": 0.5573666001087968
                    },
                    "position": {
                        "x": -1.832107215506078,
                        "y": 3.823676935647301,
                        "z": 0.23000000000000004
                    }
                }
            }
        },
        "NavPosed": {
            "posedstamped": {
                "header": {
                    "frame_id": "map",
                    "seq": 0,
                    "stamp": "0"
                },
                "pose": {
                    "orientation": {
                        "w": 0.8298301196758713,
                        "x": -0.03627651207744501,
                        "y": -0.02431917345275887,
                        "z": 0.5563043815689382
                    },
                    "position": {
                        "x": -2.1025247374542855,
                        "y": 3.138100411224376,
                        "z": 0.23
                    }
                }
            }
        }
    },
    "Workstation5": {
        "MarkerPosed": {
            "posedstamped": {
                "header": {
                    "frame_id": "map",
                    "seq": 0,
                    "stamp": "0"
                },
                "pose": {
                    "orientation": {
                        "w": 0.9738327084675883,
                        "x": 0.07568039052112135,
                        "y": -0.016603646487626803,
                        "z": -0.2136507742381611
                    },
                    "position": {
                        "x": -0.29214633036577564,
                        "y": 0.7575632283452559,
                        "z": 0.23000000000000004
                    }
                }
            }
        },
        "NavPosed": {
            "posedstamped": {
                "header": {
                    "frame_id": "map",
                    "seq": 0,
                    "stamp": "0"
                },
                "pose": {
                    "orientation": {
                        "w": 0.9741384771536864,
                        "x": 0.07570415301479387,
                        "y": -0.016494962941097882,
                        "z": -0.2122522667548708
                    },
                    "position": {
                        "x": -0.9794806639332836,
                        "y": 1.0789543546723999,
                        "z": 0.23000000000000004
                    }
                }
            }
        }
    }
}