{
    "Workstation2": {
        "MarkerPosed": {
            "posedstamped": {
                "header": {
                    "frame_id": "map",
                    "seq": 0,
                    "stamp": "0"
                },
                "pose": {
                    "orientation": {
                        "w": 0.9931299349139289,
                        "x": 0.08552323656502288,
                        "y": 0.006852358205210164,
                        "z": 0.07957231662032897
                    },
                    "position": {
                        "x": -3.3833827977220228,
                        "y": 1.4226897495526154,
                        "z": 0.22999999999999995
                    }
                }
            }
        },
        "NavPosed": {
            "posedstamped": {
                "header": {
                    "frame_id": "map",
                    "seq": 0,
                    "stamp": "0"
                },
                "pose": {
                    "orientation": {
                        "w": 0.993068807883742,
                        "x": 0.08551797261991419,
                        "y": 0.006917742732205679,
                        "z": 0.08033158782716716
                    },
                    "position": {
                        "x": -3.9468255411881374,
                        "y": 1.3453341461419648,
                        "z": 0.23
                    }
                }
            }
        }
    },
    "Workstation3": {
        "MarkerPosed": {
            "posedstamped": {
                "header": {
                    "frame_id": "map",
                    "seq": 0,
                    "stamp": "0"
                },
                "pose": {
                    "orientation": {
                        "w": 0.5468763293051905,
                        "x": -0.08854402805350009,
                        "y": -0.1330591451657698,
                        "z": 0.8218159766209808
                    },
                    "position": {
                        "x": -5.734921202553875,
                        "y": 4.207911465873803,
                        "z": 0.2300000000000001
                    }
                }
            }
        },
        "NavPosed": {
            "posedstamped": {
                "header": {
                    "frame_id": "map",
                    "seq": 0,
                    "stamp": "0"
                },
                "pose": {
                    "orientation": {
                        "w": 0.5468763293051905,
                        "x": -0.08854402805350009,
                        "y": -0.1330591451657698,
                        "z": 0.8218159766209808
                    },
                    "position": {
                        "x": -5.49961165213233,
                        "y": 3.654724731234327,
                        "z": 0.23000000000000004
                    }
                }
            }
        }
    },
    "Workstation4": {
        "MarkerPosed": {
            "posedstamped": {
                "header": {
                    "frame_id": "map",
                    "seq": 0,
                    "stamp": "0"
                },
                "pose": {
                    "orientation": {
                        "w": 0.5229149756530829,
                        "x": 0.12391304430891392,
                        "y": 0.1944554439227696,
                        "z": 0.820604999994901
                    },
                    "position": {
                        "x": -7.167182676236194,
                        "y": 3.6871007165481906,
                        "z": 0.23
                    }
                }
            }
        },
        "NavPosed": {
            "posedstamped": {
                "header": {
                    "frame_id": "map",
                    "seq": 0,
                    "stamp": "0"
                },
                "pose": {
                    "orientation": {
                        "w": 0.5269133614688043,
                        "x": 0.12486052560475716,
                        "y": 0.19384842368925265,
                        "z": 0.8180433651613713
                    },
                    "position": {
                        "x": -6.907061557265202,
                        "y": 3.1534758700902956,
                        "z": 0.23
                    }
                }
            }
        }
    },
    "Workstation5": {
        "MarkerPosed": {
            "posedstamped": {
                "header": {
                    "frame_id": "map",
                    "seq": 0,
                    "stamp": "0"
                },
                "pose": {
                    "orientation": {
                        "w": 0.9241959759750528,
                        "x": 0.11398870152143475,
                        "y": 0.044620055223915545,
                        "z": 0.361769850303742
                    },
                    "position": {
                        "x": -3.7422499762822463,
                        "y": 2.807303513695602,
                        "z": 0.22999999999999998
                    }
                }
            }
        },
        "NavPosed": {
            "posedstamped": {
                "header": {
                    "frame_id": "map",
                    "seq": 0,
                    "stamp": "0"
                },
                "pose": {
                    "orientation": {
                        "w": 0.9230351414854822,
                        "x": 0.11384552624304443,
                        "y": 0.044984103382998464,
                        "z": 0.3647214747998092
                    },
                    "position": {
                        "x": -4.176352051022915,
                        "y": 2.4376082892070388,
                        "z": 0.23
                    }
                }
            }
        }
    }
}