{
    "Workstation2": {
        "MarkerPosed": {
            "posedstamped": {
                "header": {
                    "frame_id": "map",
                    "seq": 0,
                    "stamp": "0"
                },
                "pose": {
                    "orientation": {
                        "w": 0.9080877441315148,
                        "x": -0.07281376492687505,
                        "y": 0.03296203399956555,
                        "z": -0.4110818761632792
                    },
                    "position": {
                        "x": -1.0813844965051518,
                        "y": -0.5682719606550749,
                        "z": 0.23000000000000004
                    }
                }
            }
        },
        "NavPosed": {
            "posedstamped": {
                "header": {
                    "frame_id": "map",
                    "seq": 0,
                    "stamp": "0"
                },
                "pose": {
                    "orientation": {
                        "w": 0.9075758199121311,
                        "x": -0.07277271698848863,
                        "y": 0.03305255981505932,
                        "z": -0.4122108575263493
                    },
                    "position": {
                        "x": -2.05828345538987,
                        "y": 0.4925170492977361,
                        "z": 0.23000000000000004
                    }
                }
            }
        }
    },
    "Workstation3": {
        "MarkerPosed": {
            "posedstamped": {
                "header": {
                    "frame_id": "map",
                    "seq": 0,
                    "stamp": "0"
                },
                "pose": {
                    "orientation": {
                        "w": 0.8585299670846561,
                        "x": 0.05316798311916141,
                        "y": 0.031523413627315935,
                        "z": 0.5090242976341514
                    },
                    "position": {
                        "x": -0.7647498880913031,
                        "y": 3.270926854994067,
                        "z": 0.22999999999999998
                    }
                }
            }
        },
        "NavPosed": {
            "posedstamped": {
                "header": {
                    "frame_id": "map",
                    "seq": 0,
                    "stamp": "0"
                },
                "pose": {
                    "orientation": {
                        "w": 0.8576636103525942,
                        "x": 0.05311433043157747,
                        "y": 0.031613730220957544,
                        "z": 0.5104826847614673
                    },
                    "position": {
                        "x": -1.4849289317266088,
                        "y": 2.0285432916008954,
                        "z": 0.22999999999999998
                    }
                }
            }
        }
    },
    "Workstation4": {
        "MarkerPosed": {
            "posedstamped": {
                "header": {
                    "frame_id": "map",
                    "seq": 0,
                    "stamp": "0"
                },
                "pose": {
                    "orientation": {
                        "w": 0.8581136959064504,
                        "x": 0.10840496983995457,
                        "y": 0.06290295660525812,
                        "z": 0.4979281729949488
                    },
                    "position": {
                        "x": -1.9731495624457303,
                        "y": 3.87843836024435,
                        "z": 0.22999999999999998
                    }
                }
            }
        },
        "NavPosed": {
            "posedstamped": {
                "header": {
                    "frame_id": "map",
                    "seq": 0,
                    "stamp": "0"
                },
                "pose": {
                    "orientation": {
                        "w": 0.8579163465160533,
                        "x": 0.108380038814129,
                        "y": 0.06294590234743118,
                        "z": 0.4982681235488207
                    },
                    "position": {
                        "x": -2.73048765447277,
                        "y": 2.646127830707517,
                        "z": 0.23000000000000004
                    }
                }
            }
        }
    },
    "Workstation5": {
        "MarkerPosed": {
            "posedstamped": {
                "header": {
                    "frame_id": "map",
                    "seq": 0,
                    "stamp": "0"
                },
                "pose": {
                    "orientation": {
                        "w": 0.9672555987700919,
                        "x": 0.12991866898138718,
                        "y": -0.029024648511320677,
                        "z": -0.21609098980940913
                    },
                    "position": {
                        "x": -0.2864811837797827,
                        "y": 0.6457867841298639,
                        "z": 0.22999999999999998
                    }
                }
            }
        },
        "NavPosed": {
            "posedstamped": {
                "header": {
                    "frame_id": "map",
                    "seq": 0,
                    "stamp": "0"
                },
                "pose": {
                    "orientation": {
                        "w": 0.9674331733836264,
                        "x": 0.12994252023380137,
                        "y": -0.02891767982375296,
                        "z": -0.21529459878451507
                    },
                    "position": {
                        "x": -1.6033328196110852,
                        "y": 1.2769855737081655,
                        "z": 0.22999999999999998
                    }
                }
            }
        }
    }
}