,rl_prob,brute_prob,traj,len_traj,len_traj_list_in_m,rl_actions_to_crash_lists,wall_discards,collided_obs
0,"[(0.3846, 4)]",0,"[[72 88], [85 92], [91 95], [114 103], [117 125]]",5,66.8649,"[[3, 5, 7, 4]]",0,"[ws2: corners: [(120.00175159141445, 152.54295486910223), (141.52440933689812, 141.58860853667454), (133.9039944969484, 126.61632488764243), (112.38133675146474, 137.57067122007012)]
borders: [[(120.00175159141445, 152.54295486910223), (141.52440933689812, 141.58860853667454)], [(120.00175159141445, 152.54295486910223), (112.38133675146474, 137.57067122007012)], [(141.52440933689812, 141.58860853667454), (133.9039944969484, 126.61632488764243)], [(133.9039944969484, 126.61632488764243), (112.38133675146474, 137.57067122007012)]]]"
